{"filesMd5":[{"page":"/config/index.js","md5":"dcd0f935ab7aa39b1cfa29ee58f6d075"},{"page":"/mediator/index.js","md5":"5e63029c9ce1f62dcc6bbd3948f55cd8"},{"page":"/pages/demo/assets/index.js","md5":"d558c2530e73757cf78ec0c7422db80b"},{"page":"/pages/demo/bmcalendar/index.js","md5":"329fe4f82ec101b5382d64b92584678a"},{"page":"/pages/demo/bmchart/index.js","md5":"7368bd641bee8c6099bdbf1022b42241"},{"page":"/pages/demo/bmrichtext/index.js","md5":"bc73c51f618b6369ab9c0f447d1007a5"},{"page":"/pages/demo/event/a.js","md5":"85d17134ef06769fb0fb1d7628ab06cd"},{"page":"/pages/demo/event/b.js","md5":"456e84dd0c1a2d817caa048e0fa201ea"},{"page":"/pages/demo/font/index.js","md5":"28af0c822ee1241b6090ad2a389e8cc2"},{"page":"/pages/demo/globalAttr/index.js","md5":"e89e95bcb136f497a348b2af3424f562"},{"page":"/pages/demo/image/index.js","md5":"a6ab985d91aa4c08db7d09ffb6e751f5"},{"page":"/pages/demo/index.js","md5":"86e15089e204faf38c0aa733d44b4c82"},{"page":"/pages/demo/inputExtend/index.js","md5":"36d287caf91246b71c7324aa4d74baa8"},{"page":"/pages/demo/lifecycle/index.js","md5":"f7dcef324efa2966733b8df19389021f"},{"page":"/pages/demo/notice/index.js","md5":"b14f8ed2b4678f8f47d4fa1791d85bd2"},{"page":"/pages/demo/other/bindingx.js","md5":"d50b3e5ad12194d91bda271462b85e4f"},{"page":"/pages/demo/other/bui.js","md5":"4ef0b08694de91fa133bdd0deeda1630"},{"page":"/pages/demo/other/weexui.js","md5":"8361536c62627af6958e192aabb6ab08"},{"page":"/pages/demo/refresh/index.js","md5":"19f1d5bb7e61a5f571d7accf81123e77"},{"page":"/pages/demo/router/index.js","md5":"abf05e528c3ede9caf507ad52ea4e6f1"},{"page":"/pages/demo/router/tabbarItem1.js","md5":"a79e48ccb0ef6d61cb9ab8db2c0ddc7a"},{"page":"/pages/demo/router/tabbarItem2.js","md5":"5ee799e5205003e8a32306bc06e96d8c"},{"page":"/pages/demo/router/tabbarItem3.js","md5":"85c2f3ecc2a6fdfd92ebebb4b0569101"},{"page":"/pages/demo/storage/index.js","md5":"3c057405caaf12e483960ea718ec764b"},{"page":"/pages/lms/login.js","md5":"c9756b15ef72472f108dbb6be79b51cb"},{"page":"/iconfont/font_1469606063_76593.ttf","md5":"f6222bcfedff4a817bb50df7a049d1db"},{"page":"/iconfont/font_1469606522_9417143.woff","md5":"6cf5490fd14ff83350ff952bb5b8e484"},{"page":"/iconfont/font_zn5b3jswpofuhaor.ttf","md5":"c0356b22e8235d2b0be8880cc81894cc"},{"page":"/iconfont/iconfont-eros.ttf","md5":"68780fad0047dc5b02cb613ebb08cda1"},{"page":"/iconfont/iconfont.ttf","md5":"ec86bfe5bdb872bad2b2af4f11da14f4"},{"page":"/assets/TabBar_Item1@2x.png","md5":"02c1875f727a1f4ec7a9e113498a96a5"},{"page":"/assets/TabBar_Item1_Selected@2x.png","md5":"d5e7609700d9a4f075e39b20fecbb9c3"},{"page":"/assets/TabBar_Item2@2x.png","md5":"a30651ed422c597849ce3d69b2f79048"},{"page":"/assets/TabBar_Item2_Selected@2x.png","md5":"fe893d14ff2d7b330a4aeefddbd8a7fa"},{"page":"/assets/TabBar_Item3@2x.png","md5":"fd2645e8081db44f2110661c2643f5cf"},{"page":"/assets/TabBar_Item3_Selected@2x.png","md5":"457d615a5c198b0148609f5eed84be70"},{"page":"/assets/demo.jpg","md5":"332c4e7d5398207c1b49750369a72848"}],"android":"1.0.0","iOS":"1.0.0","appName":"销售线索","jsVersion":"c76903fb60d2c8291680d9df4b37af90","timestamp":1528541938615,"jsPath":"https://app.weex-eros.com/source"}
